{
	"pages": [ //pages数组中第一项表示应用启动页，参考：https://uniapp.dcloud.io/collocation/pages
		{
			"path": "pages/index/index",
			"style": {}
		},{
			"path":"pages/favorite/favorite",
			"style":{}
		},{
            "path" : "pages/message/message",
            "style" : {}
        },{
            "path" : "pages/mine/mine",
            "style" : {}
        },{
            "path" : "pages/info/info",
            "style" : {}
        }
        
    ],
	"tabBar": {
	    "color": "#7A7E83",
	    "selectedColor": "#007AFF",
	    "borderStyle": "black",
	    "backgroundColor": "#C0C0C0",
	    "list": [{
			"text": "首页",
	        "pagePath": "pages/index/index",
	        "iconPath": "static/tab/home.png",
	        "selectedIconPath": "static/tab/home_active.png",
			"backgroundColor": "#00ff00"
	    }, {
			"text": "收藏",
			"pagePath": "pages/favorite/favorite",
	        "iconPath": "static/tab/favorite.png",
	        "selectedIconPath": "static/tab/favorite_active.png"
	    },{
			"text": "聊天",
			"pagePath": "pages/message/message",
	        "iconPath": "static/tab/log.png",
	        "selectedIconPath": "static/tab/log_active.png"
	    },{
			"text": "我的",
			"pagePath": "pages/mine/mine",
	        "iconPath": "static/tab/me.png",
	        "selectedIconPath": "static/tab/me_active.png"
	    }]
	},
	"globalStyle": {
		"navigationBarTextStyle": "white",
		"navigationBarTitleText": "熊猫之家",
		"navigationBarBackgroundColor": "#007AFF",
		"backgroundColor": "#F8F8F8",
		"enablePullDownRefresh": true
	}
}
