{
	"pages": [
		{
		    "path" : "pages/login/login",
		    "style" : {
		        "navigationBarTitleText" : "登陆"
		    }
		},
		{
		    "path" : "pages/login/registration",
		    "style" : {
		        "navigationBarTitleText" : "注册"
		    }
		},
		{
			"path": "pages/app/index",
			"style" : {
			    "navigationBarTitleText" : "首页"
			}
		},
		{"path": "pages/app/index2"},
		{"path": "pages/app/index3"},
		{"path": "pages/app/index4"},
		
		{"path": "pages/goods/goods"},
		{"path": "pages/goods/settlement"},
		{"path": "pages/goods/pay"},
		{"path": "pages/status/pay_status"},
		
		{"path": "pages/news/details"},
		{"path": "pages/news/chat"},
		
		{"path": "pages/my/footmark"},
		{"path": "pages/my/set-up"},
		{"path": "pages/my/about"},
		{"path": "pages/my/personal-data"},
		{"path": "pages/my/edit-name"},
		{"path": "pages/my/edit-address"},
		{"path": "pages/my/add-address"},
		{"path": "pages/my/edit-phone"},
		{"path": "pages/my/region"},
		{"path": "pages/my/sponsored"},
		{"path": "pages/real_name/index"},
		{"path": "pages/real_name/form"},
		{"path": "pages/order/list"},
		{"path": "pages/order/whereabouts"},
		{"path": "pages/order/details"}
	],
	"globalStyle": {
		"navigationStyle": "custom",
		"mp-alipay": {
			"allowsBounceVertical": "NO",
			"transparentTitle": "always"
		}
	}
}
